{"root":[{"assemblyName":"Assembly-CSharp","nameSpace":"","className":"CustomComposite","methodName":"Initialize","loadTypes":0,"isUnityClass":false},{"assemblyName":"Unity.InputSystem","nameSpace":"UnityEngine.InputSystem","className":"InputSystem","methodName":"RunInitializeInPlayer","loadTypes":1,"isUnityClass":true},{"assemblyName":"Cinemachine","nameSpace":"Cinemachine","className":"CinemachineStoryboard","methodName":"InitializeModule","loadTypes":0,"isUnityClass":false},{"assemblyName":"Cinemachine","nameSpace":"Cinemachine","className":"CinemachineCore","methodName":"InitializeModule","loadTypes":0,"isUnityClass":false},{"assemblyName":"Cinemachine","nameSpace":"Cinemachine","className":"UpdateTracker","methodName":"InitializeModule","loadTypes":0,"isUnityClass":false},{"assemblyName":"Cinemachine","nameSpace":"Cinemachine","className":"CinemachineImpulseManager","methodName":"InitializeModule","loadTypes":0,"isUnityClass":false},{"assemblyName":"UnityEngine.Purchasing.Codeless","nameSpace":"UnityEngine.Purchasing","className":"CodelessIAPStoreListener","methodName":"InitializeCodelessPurchasingOnLoad","loadTypes":0,"isUnityClass":true}]}
